P0,A0,B0,k_A,k_B,K,n,t_activation,t_cross,t50,t90,delta_t_50_90,t90_primary_limit,t90_excess_delay,max_secondary_fraction,secondary_fraction_at_t50,secondary_fraction_at_t90,secondary_reservoir_converted,integrated_secondary_fraction,B50_fraction_remaining,B90_fraction_remaining,final_P,final_A,final_B,max_conservation_error
0.01,0.39,0.6,0.15,0.1,0.05,1,0.5252626313156579,2.251125562781391,6.738369184592297,22.001000500250125,15.262631315657828,9.14017925992735,12.860821240322775,0.852597184395279,0.6013564779201317,0.7877501704772671,0.9340742436474125,0.5923659397110485,0.5882751804900068,0.1408516131390503,0.956112037538532,0.004332508649915051,0.039555453811552434,9.992007221626409e-16
0.01,0.39,0.6,0.15,0.1,0.05,2,0.5702851425712857,1.3506753376688345,6.3631815907953975,20.81540770385193,14.45222611305653,9.14017925992735,11.675228443924578,0.8338219220669937,0.6022090900311747,0.7596458284810261,0.9455060498810888,0.5952999175540813,0.5738529566103172,0.13617477091797023,0.9629711212787383,0.004332508649915042,0.032696370071346764,8.881784197001252e-16
0.01,0.39,0.6,0.15,0.1,0.05,4,0.6303151575787894,0.9604802401200601,6.2731365682841425,20.650325162581293,14.37718859429715,9.14017925992735,11.510145902653942,0.8307232290664863,0.5997171209830205,0.7545944026895008,0.9468453109701249,0.5956408780046091,0.5701212798013894,0.13539090987151775,0.9637746779321591,0.004332508649915077,0.031892813417925034,9.992007221626409e-16
0.01,0.39,0.6,0.15,0.1,0.1,1,1.2456228114057029,3.1815907953976987,7.383691845922962,23.621810905452726,16.238119059529765,9.14017925992735,14.481631645525376,0.8726760041673278,0.6125863345449183,0.8233139095578982,0.9179186668594347,0.5881463122586627,0.6101664703182454,0.1459643447835698,0.946418691465747,0.004332508649915049,0.04924879988433921,1.3322676295501878e-15
0.01,0.39,0.6,0.15,0.1,0.1,2,1.3656828414207105,2.3111555777888944,6.9784892446223115,21.745872936468235,14.767383691845923,9.14017925992735,12.605693676540884,0.8497788486076632,0.6265455337560213,0.7874094774564285,0.9380621897999762,0.593394267247242,0.5967807702508897,0.14007525101559537,0.95850480523007,0.004332508649915007,0.03716268612001423,1.3322676295501878e-15
0.01,0.39,0.6,0.15,0.1,0.1,4,1.500750375187594,1.9209604802401201,6.828414207103552,21.355677838919462,14.52726363181591,9.14017925992735,12.215498578992111,0.8433696632531803,0.6278078248298463,0.777499437548158,0.941672612114986,0.5943207823005605,0.5914245757971883,0.1384335947782894,0.9606710586190759,0.004332508649915009,0.034996432731008345,8.881784197001252e-16
0.01,0.39,0.6,0.15,0.1,0.2,1,2.896448224112056,4.457228614307153,8.434217108554277,26.63831915957979,18.204102051025515,9.14017925992735,17.49813989965244,0.8980602634650454,0.6253575354955107,0.8746286892706919,0.8839715137165893,0.578988785413015,0.6410610016324993,0.15288077071460546,0.9260503995800389,0.004332508649915072,0.06961709177004641,8.881784197001252e-16
0.01,0.39,0.6,0.15,0.1,0.2,2,3.2266133066533267,3.9469734867433717,8.329164582291146,24.102051025512758,15.772886443221612,9.14017925992735,14.961871765585407,0.8810601887892134,0.6638082983046333,0.8425047019858529,0.916175152763784,0.5876857004834405,0.63842078892232,0.14725937970196692,0.9453725830083561,0.004332508649915026,0.05029490834172958,1.1102230246251565e-15
0.01,0.39,0.6,0.15,0.1,0.2,4,3.5867933966983494,3.856928464232116,8.284142071035518,23.186593296648326,14.902451225612808,9.14017925992735,14.046414036720975,0.8711389310167632,0.6882719907377123,0.8275639268793055,0.9266345578413075,0.590433581587173,0.6365593898982809,0.14479692863789317,0.95164822605487,0.004332508649914975,0.0440192652952155,4.440892098500626e-16
0.01,0.39,0.6,0.15,0.1,0.3,1,4.8924462231115555,5.402701350675338,9.304652326163081,29.534767383691847,20.230115057528764,9.14017925992735,20.394588123764496,0.9131935960203406,0.6329261260269365,0.9103097245207453,0.8482693441039002,0.568907950464465,0.6635513542936854,0.1571227107275033,0.9046290978124237,0.00433250864991509,0.09103839353765991,1.887379141862766e-15
0.01,0.39,0.6,0.15,0.1,0.3,2,5.5377688844422215,5.402701350675338,9.769884942471236,27.04352176088044,17.273636818409205,9.14017925992735,17.90334250095309,0.9077050391688927,0.6887733771983519,0.891310273273755,0.8822722270176324,0.5785196741641843,0.6738050363088325,0.15373671732305513,0.9250308275606659,0.004332508649915078,0.0706366637894206,1.7763568394002505e-15
0.01,0.39,0.6,0.15,0.1,0.3,4,6.348174087043522,5.927963981990995,10.250125062531266,25.82791395697849,15.577788894447226,9.14017925992735,16.68773469705114,0.9015635329019865,0.7440339407697875,0.880769841995716,0.8997490966155005,0.5832950529607258,0.6847406210413132,0.15144237901316646,0.9355169493193843,0.004332508649914991,0.060150542030699736,9.992007221626409e-16
0.01,0.39,0.6,0.15,0.1,0.5,1,10.610305152576288,6.858429214607304,10.760380190095049,,,9.14017925992735,,0.9292273355034081,0.6429471139853637,,0.7751813622300974,0.5466875518139829,0.6955635514177886,,0.8607763086881431,0.004332508649915103,0.13489118266194158,1.1102230246251565e-15
0.01,0.39,0.6,0.15,0.1,0.5,2,12.606303151575789,8.044022011005502,12.771385692846424,,,9.14017925992735,,0.941449303658642,0.7195097880467112,,0.7663483262237039,0.5438459883371921,0.7289286051516195,,0.8554764870843073,0.004332508649915085,0.14019100426577769,4.440892098500626e-16
0.01,0.39,0.6,0.15,0.1,0.5,4,16.013006503251628,10.64032016008004,16.193096548274138,,,9.14017925992735,,0.9564908491184088,0.8200763236018113,,0.7311839245901995,0.5321714512675841,0.7673641428913021,,0.8343778461042036,0.004332508649915013,0.16128964524588024,1.3322676295501878e-15
0.01,0.39,0.6,0.15,0.3,0.05,1,0.34517258629314657,0.13506753376688344,3.5267633816908455,11.435717858929465,7.90895447723862,9.14017925992735,2.295538599002114,0.7055085049324379,0.6767052638404002,0.43595275430506697,0.9997610538247983,0.6086676296429023,0.44041583801966205,0.04769655895724297,0.9955241236449656,0.00433250864991472,0.00014336770512106412,1.5543122344752192e-15
0.01,0.39,0.6,0.15,0.3,0.05,2,0.42021010505252626,0.28514257128564285,3.331665832916458,11.12056028014007,7.788894447223612,9.14017925992735,1.98038102021272,0.7347872056912548,0.6833802393822491,0.40576891605013626,0.999852141142885,0.6086893298359034,0.4297308477619707,0.0419857308683515,0.9955787760358163,0.004332508649914716,8.871531426902051e-05,8.881784197001252e-16
0.01,0.39,0.6,0.15,0.3,0.05,4,0.5102551275637819,0.4502251125562782,3.331665832916458,11.105552776388194,7.7738869434717355,9.14017925992735,1.9653735164608435,0.7533918780108045,0.6852524382363084,0.404217197831816,0.9998560394743358,0.6086902585014405,0.42931338652467677,0.04168235573781776,0.9955811150346865,0.004332508649914718,8.637631539858212e-05,9.992007221626409e-16
0.01,0.39,0.6,0.15,0.3,0.1,1,0.8254127063531767,0.3901950975487744,3.9469734867433717,11.930965482741371,7.983991995997999,9.14017925992735,2.7907862228140203,0.6948709622141581,0.6833054633260364,0.4828959987493227,0.9995865354108234,0.6086260465136851,0.46465880903357154,0.05631602336027526,0.9954194125965796,0.0043325086499147,0.0002480787535059956,1.1102230246251565e-15
0.01,0.39,0.6,0.15,0.3,0.1,2,1.0205102551275638,0.735367683841921,3.8119059529764883,11.450725362681341,7.638819409704853,9.14017925992735,2.3105461027539906,0.7330396440156106,0.7054642975685395,0.4490971518187806,0.9998044909037842,0.6086779781783646,0.45660909730001153,0.048141141544582204,0.9955501858923554,0.004332508649914708,0.00011730545772951938,8.881784197001252e-16
0.01,0.39,0.6,0.15,0.3,0.1,4,1.2456228114057029,1.0655327663831917,3.856928464232116,11.420710355177588,7.563781890945473,9.14017925992735,2.280531095250238,0.7620868120247866,0.7150223681507718,0.4470950292396494,0.9998199824739866,0.6086816687882308,0.45792551899718614,0.047392084166949074,0.9955594808344765,0.004332508649914688,0.0001080105156080872,1.2212453270876722e-15
0.01,0.39,0.6,0.15,0.3,0.2,1,1.8909454727363681,0.8854427213606804,4.637318659329665,12.906453226613307,8.269134567283642,9.14017925992735,3.766273966685956,0.688992257280848,0.6885692363243827,0.5533060759289278,0.9989885278445909,0.6084834900556377,0.5002583369630905,0.07097550438472781,0.9950606080568394,0.004332508649914674,0.0006068832932454269,1.1102230246251565e-15
0.01,0.39,0.6,0.15,0.3,0.2,2,2.3561780890445223,1.6058029014507254,4.817408704352176,12.321160580290146,7.5037518759379696,9.14017925992735,3.180981320362795,0.7390647780449872,0.7354612189448354,0.5374841832853078,0.9996146132706362,0.6086327373226927,0.5070784049127656,0.06242437477930813,0.9954362593124667,0.004332508649914648,0.00023123203761828826,6.661338147750939e-16
0.01,0.39,0.6,0.15,0.3,0.2,4,2.911455727863932,2.4012006003001503,5.102551275637819,12.261130565282642,7.158579289644822,9.14017925992735,3.120951305355291,0.784911925928833,0.7708029842538514,0.543415897782486,0.9996960428158627,0.608652140269119,0.5208115027555438,0.06163206114249295,0.995485117039603,0.004332508649914658,0.00018237431048243017,8.881784197001252e-16
0.01,0.39,0.6,0.15,0.3,0.3,1,3.1065532766383193,1.3506753376688345,5.207603801900951,13.851925962981491,8.644322161080542,9.14017925992735,4.711746703054141,0.6917257451372076,0.689685950940186,0.6057812341029745,0.9979355282383799,0.6082322174025072,0.5271739915839155,0.08334670286970085,0.9944288082931126,0.004332508649914727,0.0012386830569720297,1.1102230246251565e-15
0.01,0.39,0.6,0.15,0.3,0.3,2,3.886943471735868,2.4762381190595297,5.822911455727864,13.44672336168084,7.6238119059529765,9.14017925992735,4.30654410175349,0.7519865565256093,0.7509377984404402,0.6194176726672098,0.9991590303105508,0.6085241459896542,0.5534413889683156,0.07817795702326412,0.9951629095364148,0.004332508649914637,0.0005045818136694915,1.2212453270876722e-15
0.01,0.39,0.6,0.15,0.3,0.3,4,4.937468734367184,3.856928464232116,6.663331665832916,13.52176088044022,6.8584292146073045,9.14017925992735,4.38158162051287,0.8129711571053683,0.8128209443015791,0.647264500169895,0.9994077260030064,0.608583431787076,0.583434106450798,0.07942488480289975,0.99531212695189,0.0043325086499145975,0.00035536439819613654,1.1102230246251565e-15
0.01,0.39,0.6,0.15,0.3,0.5,1,6.093046523261631,2.191095547773887,6.153076538269135,15.682841420710355,9.52976488244122,9.14017925992735,6.542662160783005,0.7100613593127103,0.6879823241855941,0.6818635019036768,0.9939057942782592,0.6072676335090933,0.5666185630791097,0.10304405397643705,0.9920109679170411,0.004332508649914777,0.0036565234330445005,6.661338147750939e-16
0.01,0.39,0.6,0.15,0.3,0.5,2,7.788894447223612,4.1870935467733865,7.848924462231116,16.388194097048526,8.53926963481741,9.14017925992735,7.2480148371211754,0.7918027411394215,0.7590008244112222,0.7500171328738329,0.9956380113223361,0.6076828499229111,0.6238278798880277,0.10914712948021786,0.9930502981434862,0.004332508649914671,0.002617193206598359,1.2212453270876722e-15
0.01,0.39,0.6,0.15,0.3,0.5,4,10.670335167583792,7.158579289644822,10.730365182591296,17.99399699849925,7.263631815907953,9.14017925992735,8.853817738571898,0.8812927598379813,0.8450639805511062,0.8351490713150763,0.9957879761287025,0.6077187555409517,0.6948112564670583,0.12125493904357704,0.9931402770273067,0.004332508649914587,0.0025272143227785143,9.992007221626409e-16
0.01,0.39,0.6,0.15,0.6,0.05,1,0.2251125562781391,0.0,2.221110555277639,9.409704852426213,7.188594297148574,9.14017925992735,0.2695255924988622,0.8075430297730373,0.7358678616260026,0.12963051477314053,0.999999950788979,0.6087245381554901,0.3564637831436656,0.006227597446902825,0.9956674618234717,0.004332508649914892,2.9526612562693515e-08,9.992007221626409e-16
0.01,0.39,0.6,0.15,0.6,0.05,2,0.3001500750375188,0.13506753376688344,2.1160580290145075,9.334667333666834,7.218609304652327,9.14017925992735,0.19448807373948362,0.8341883806470288,0.7444081429555917,0.10397843788545279,0.9999999801342268,0.6087245451449113,0.3479098824272505,0.0046635244633144715,0.9956674794306205,0.00433250864991494,1.1919463916022113e-08,6.661338147750939e-16
0.01,0.39,0.6,0.15,0.6,0.05,4,0.4352176088044022,0.33016508254127064,2.161080540270135,9.349674837418709,7.188594297148574,9.14017925992735,0.20949557749135828,0.8520781309538195,0.7496319201149433,0.10545425676993117,0.9999999803986006,0.6087245452078796,0.3518696422388667,0.004712400713457259,0.9956674795892446,0.004332508649914875,1.1760839689234574e-08,1.3322676295501878e-15
0.01,0.39,0.6,0.15,0.6,0.1,1,0.5702851425712857,0.09004502251125562,2.5212606303151577,9.52976488244122,7.0085042521260625,9.14017925992735,0.3895856225138701,0.7884293384403739,0.7398623799176954,0.17600802132077886,0.9999998651505675,0.6087245177582189,0.3793038636541097,0.00923335755327829,0.9956674104404254,0.004332508649914886,8.090965951201793e-08,8.881784197001252e-16
0.01,0.39,0.6,0.15,0.6,0.1,2,0.7803901950975488,0.42021010505252626,2.4912456228114057,9.409704852426213,6.9184592296148075,9.14017925992735,0.2695255924988622,0.8235566283017594,0.7645921652853577,0.13739707938233947,0.9999999686310052,0.6087245424050857,0.37745725343021996,0.006387759202276505,0.9956674725286888,0.00433250864991489,1.8821396891857607e-08,1.3322676295501878e-15
0.01,0.39,0.6,0.15,0.6,0.1,4,1.0655327663831917,0.8254127063531767,2.641320660330165,9.42471235617809,6.783391695847924,9.14017925992735,0.28453309625073864,0.8520346465463696,0.7785615802554463,0.14277271735473246,0.9999999713138696,0.6087245430440876,0.3850221813929103,0.006584205256540806,0.9956674741384066,0.004332508649914884,1.7211678208891575e-08,8.881784197001252e-16
0.01,0.39,0.6,0.15,0.6,0.2,1,1.3056528264132066,0.3001500750375188,3.0465232616308153,9.844922461230615,6.7983991995998,9.14017925992735,0.7047432013032644,0.7656476541332513,0.7410694793341918,0.2645907469542835,0.9999992787533939,0.6087243780906699,0.41074520758035443,0.01631585062314225,0.9956670586021226,0.004332508649914861,4.3274796366691306e-07,1.3322676295501878e-15
0.01,0.39,0.6,0.15,0.6,0.2,2,1.8009004502251127,1.0055027513756878,3.3166583291645826,9.664832416208105,6.348174087043523,9.14017925992735,0.5246531562807544,0.8112433051883763,0.7887407683767684,0.2330527160619996,0.9999998995198675,0.6087245259442646,0.42628778010242835,0.0121566551222403,0.995667431062006,0.004332508649914891,6.028807948587963e-08,6.661338147750939e-16
0.01,0.39,0.6,0.15,0.6,0.2,4,2.4762381190595297,1.9059529764882441,3.7668834417208608,9.709854927463732,5.942971485742872,9.14017925992735,0.5696756675363819,0.8564239032578105,0.827289268570084,0.25608372901138277,0.9999999310314993,0.6087245334496735,0.45314371902326495,0.013068408603085023,0.9956674499689848,0.004332508649914887,4.13811004015051e-08,1.1102230246251565e-15
0.01,0.39,0.6,0.15,0.6,0.3,1,2.1310655327663834,0.5102551275637819,3.4817408704352175,10.220110055027513,6.738369184592296,9.14017925992735,1.0799307951001627,0.7517098867535869,0.7398525236407175,0.34117924813009937,0.9999972044154453,0.6087238840259315,0.43640216029238144,0.024214359540322222,0.9956658139993512,0.004332508649914754,1.6773507329131526e-06,1.2212453270876722e-15
0.01,0.39,0.6,0.15,0.6,0.3,2,2.941470735367684,1.5907953976988494,4.1270635317658835,10.100050025012507,5.972986493246624,9.14017925992735,0.9598707650851566,0.8051547271050435,0.8003762219046586,0.3530417196562342,0.9999995999456243,0.6087244545919575,0.4744633674405134,0.021650974884506194,0.9956672513174609,0.004332508649914842,2.4003262547022463e-07,1.3322676295501878e-15
0.01,0.39,0.6,0.15,0.6,0.3,4,4.112056028014007,3.0615307653826913,5.117558779389695,10.280140070035017,5.162581290645322,9.14017925992735,1.1399608101076666,0.8647891703968705,0.8599609110865563,0.42111688045938855,0.9999997928667541,0.6087245005417308,0.5198729111391994,0.025602042764731964,0.9956673670701359,0.004332508649914811,1.2427994759549886e-07,2.1094237467877974e-15
0.01,0.39,0.6,0.15,0.6,0.5,1,4.1570785392696346,0.9304652326163082,4.202101050525263,11.04552276138069,6.843421710855427,9.14017925992735,1.9053435014533395,0.7360874496999307,0.7347964463156867,0.4573463080683464,0.9999777328787489,0.6087192462445777,0.47633144073009626,0.04061591976444187,0.9956541310773356,0.004332508649914739,1.3360272750681623e-05,1.3322676295501878e-15
0.01,0.39,0.6,0.15,0.6,0.5,2,5.702851425712857,2.7613806903451725,5.732866433216609,11.555777888944473,5.822911455727864,9.14017925992735,2.415598629017122,0.8047492897714653,0.8014738557264939,0.5706086474166591,0.9999921163369757,0.6087226721447527,0.549526442409589,0.04990063791133163,0.995662761152271,0.004332508649914729,4.730197814598223e-06,8.881784197001252e-16
0.01,0.39,0.6,0.15,0.6,0.5,4,8.404202101050526,5.6578289144572285,8.449224612306153,12.951475737868934,4.502251125562781,9.14017925992735,3.8112964779415837,0.8912951730770443,0.8776188754725418,0.7377268379046547,0.9999949701254511,0.6087233518625019,0.6389990008949247,0.07171642778721068,0.995664473425356,0.004332508649914678,3.0179247293655178e-06,1.1102230246251565e-15
0.01,0.39,0.6,0.15,1.0,0.05,1,0.16508254127063532,0.0,1.5307653826913457,9.154577288644322,7.6238119059529765,9.14017925992735,0.014398028716971822,0.8682880263870322,0.7817538707715177,0.008987813836441145,0.9999999999994182,0.6087245498763822,0.30496668505788344,0.0002364102146107177,0.995667491349736,0.004332508649914949,3.4907536402680175e-13,6.661338147750939e-16
0.01,0.39,0.6,0.15,1.0,0.05,2,0.2251125562781391,0.0750375187593797,1.455727863931966,9.154577288644322,7.698849424712357,9.14017925992735,0.014398028716971822,0.8886674080648161,0.7924666475542057,0.00568050254685775,0.9999999999998677,0.6087245498764893,0.302203247496047,0.000141524967698092,0.9956674913500055,0.004332508649914956,7.942991573513891e-14,1.3322676295501878e-15
0.01,0.39,0.6,0.15,1.0,0.05,4,0.3751875937968985,0.25512756378189094,1.5457728864432216,9.154577288644322,7.608804402201101,9.14017925992735,0.014398028716971822,0.902819180866139,0.7972692407217509,0.006072240577076494,0.9999999999998664,0.608724549876489,0.3041113019457222,0.00015088133620026436,0.9956674913500062,0.0043325086499150095,8.013074011999516e-14,1.5543122344752192e-15
0.01,0.39,0.6,0.15,1.0,0.1,1,0.40520260130065033,0.015007503751875938,1.7558779389694847,9.169584792396199,7.413706853426714,9.14017925992735,0.02940553246884825,0.8500085962423566,0.783748287742287,0.01642979422439873,0.9999999999971176,0.6087245498758344,0.3252988874367679,0.00045728597580713636,0.9956674913483552,0.0043325086499149705,1.7294177725505749e-12,6.661338147750939e-16
0.01,0.39,0.6,0.15,1.0,0.1,2,0.6153076538269134,0.28514257128564285,1.7858929464732367,9.154577288644322,7.368684342171086,9.14017925992735,0.014398028716971822,0.8771035789381701,0.8075241955681384,0.009180973267200973,0.9999999999997449,0.60872454987646,0.3251214404880192,0.00023165829161854416,0.9956674913499312,0.004332508649914866,1.5314765506397484e-13,1.4432899320127035e-15
0.01,0.39,0.6,0.15,1.0,0.1,4,0.9304652326163082,0.6903451725862931,1.9959979989994998,9.154577288644322,7.158579289644822,9.14017925992735,0.014398028716971822,0.9002669344840669,0.8236023803487047,0.010557688944069405,0.9999999999997663,0.6087245498764652,0.33795025736490425,0.0002635612258611298,0.9956674913499453,0.004332508649915022,1.4026311897601353e-13,8.881784197001252e-16
0.01,0.39,0.6,0.15,1.0,0.2,1,0.9454727363681841,0.12006003001500751,2.161080540270135,9.19959979989995,7.038519259629815,9.14017925992735,0.05942053997259933,0.8256147559902178,0.7822496955208543,0.04201846998033029,0.9999999999573016,0.6087245498663509,0.3534112014550224,0.0013147466743283686,0.9956674913244634,0.004332508649914944,2.5619049097532137e-11,2.6645352591003757e-15
0.01,0.39,0.6,0.15,1.0,0.2,2,1.44072036018009,0.720360180090045,2.4762381190595297,9.169584792396199,6.693346673336669,9.14017925992735,0.02940553246884825,0.8605878631151757,0.8274088959760675,0.026446290239410038,0.9999999999985217,0.6087245498761688,0.37246555775343304,0.0007023480229589412,0.9956674913491976,0.00433250864991493,8.869943889974184e-13,1.4432899320127035e-15
0.01,0.39,0.6,0.15,1.0,0.2,4,2.161080540270135,1.6208104052026013,3.016508254127064,9.184592296148073,6.168084042021009,9.14017925992735,0.0444130362207229,0.8983748062502961,0.8662471719248293,0.03479879836591769,0.9999999999991585,0.6087245498763203,0.4115171093946654,0.0008885479886364144,0.9956674913495819,0.004332508649914926,5.049527727069188e-13,2.220446049250313e-15
0.01,0.39,0.6,0.15,1.0,0.3,1,1.5607803901950976,0.24012006003001501,2.5062531265632817,9.259629814907454,6.753376688344172,9.14017925992735,0.11945055498010326,0.808566857354709,0.7793297094968741,0.08236457425617567,0.9999999996155775,0.6087245497849595,0.37653663571342666,0.0029085775377872946,0.9956674911194328,0.004332508649914948,2.306534798548384e-10,1.5543122344752192e-15
0.01,0.39,0.6,0.15,1.0,0.3,2,2.3411705852926463,1.1555777888944472,3.166583291645823,9.229614807403703,6.06303151575788,9.14017925992735,0.08943554747635218,0.8487489805041286,0.8360372322425959,0.07357131490793621,0.9999999999873604,0.6087245498735103,0.4174171825669889,0.0021542896116341767,0.9956674913425018,0.0043325086499149314,7.583678542181686e-12,6.661338147750939e-16
0.01,0.39,0.6,0.15,1.0,0.3,4,3.5567783891945974,2.596298149074537,4.232116058029015,9.289644822411207,5.057528764382192,9.14017925992735,0.14946556248385612,0.8992222415252508,0.8912488960614985,0.1223979291072394,0.9999999999958189,0.6087245498755249,0.47488545532743454,0.003416778252075224,0.9956674913475769,0.004332508649914953,2.5086715326101583e-12,1.1102230246251565e-15
0.01,0.39,0.6,0.15,1.0,0.5,1,3.0615307653826913,0.48024012006003003,3.0915457728864433,9.49974987493747,6.408204102051027,9.14017925992735,0.359570615010119,0.7851932771418304,0.7720762060285469,0.1897382003973274,0.9999999886150959,0.608724547164876,0.4124805145685631,0.008538490796665374,0.9956674845191433,0.004332508649914907,6.830942505215544e-09,1.1102230246251565e-15
0.01,0.39,0.6,0.15,1.0,0.5,2,4.487243621810905,2.0410205102551275,4.517258629314657,9.709854927463732,5.192596298149075,9.14017925992735,0.5696756675363819,0.8343234971643936,0.8343157827940595,0.30628865271419214,0.999999998571906,0.6087245495363788,0.49217989465885886,0.013120678123376603,0.995667490493229,0.004332508649914928,8.568564191360179e-10,8.881784197001252e-16
0.01,0.39,0.6,0.15,1.0,0.5,4,7.083541770885443,4.8024012006003005,7.113556778389195,10.64032016008004,3.526763381690846,9.14017925992735,1.5001409001526902,0.9080047505429827,0.9016513999863212,0.6029591209017393,0.9999999995437983,0.608724549767863,0.5971122674033873,0.03285586528718204,0.995667491076363,0.004332508649914848,2.7372102074492666e-10,1.4432899320127035e-15
0.01,0.39,0.6,0.15,2.0,0.05,1,0.09004502251125562,0.0,0.8854427213606804,9.154577288644322,8.269134567283642,9.14017925992735,0.014398028716971822,0.9261747841530328,0.8427342697613672,3.414212907235444e-06,1.0,0.6087245498765209,0.25126953567704585,4.4498939173096845e-08,0.9956674913500859,0.004332508649915027,0.0,1.5543122344752192e-15
0.01,0.39,0.6,0.15,2.0,0.05,2,0.1500750375187594,0.015007503751875938,0.8554277138569285,9.154577288644322,8.299149574787394,9.14017925992735,0.014398028716971822,0.9384353161434589,0.8514181880450702,1.326847949491327e-06,1.0,0.6087245498765209,0.2480909604623104,1.6434774445368083e-08,0.9956674913500866,0.004332508649915037,0.0,1.7763568394002505e-15
0.01,0.39,0.6,0.15,2.0,0.05,4,0.28514257128564285,0.1950975487743872,0.9604802401200601,9.154577288644322,8.194097048524263,9.14017925992735,0.014398028716971822,0.9472315122019593,0.8575923418780462,1.5718402822825274e-06,1.0,0.6087245498765209,0.2542100183612344,1.9409773695983865e-08,0.9956674913500823,0.004332508649915048,0.0,2.9976021664879227e-15
0.01,0.39,0.6,0.15,2.0,0.1,1,0.24012006003001501,0.0,1.0355177588794398,9.154577288644322,8.119059529764883,9.14017925992735,0.014398028716971822,0.9127501856537807,0.8409850805780705,1.068819210709245e-05,1.0,0.6087245498765209,0.2642206437551743,1.4662740933866077e-07,0.9956674913500838,0.004332508649915011,0.0,1.4432899320127035e-15
0.01,0.39,0.6,0.15,2.0,0.1,2,0.42021010505252626,0.1500750375187594,1.0955477738869435,9.154577288644322,8.059029514757379,9.14017925992735,0.014398028716971822,0.9290680651383114,0.8623430718145193,2.792934489068232e-06,1.0,0.6087245498765209,0.269168807977919,3.491272929815085e-08,0.9956674913500841,0.0043325086499150685,0.0,1.2212453270876722e-15
0.01,0.39,0.6,0.15,2.0,0.1,4,0.7653826913456728,0.5552776388194097,1.3656828414207105,9.154577288644322,7.788894447223612,9.14017925992735,0.014398028716971822,0.9441344155930201,0.8781753505244252,4.0030174944381835e-06,1.0,0.6087245498765209,0.2867443828062683,4.943816231807841e-08,0.9956674913500847,0.004332508649915021,0.0,1.2212453270876722e-15
0.01,0.39,0.6,0.15,2.0,0.2,1,0.5702851425712857,0.015007503751875938,1.3056528264132066,9.154577288644322,7.848924462231116,9.14017925992735,0.014398028716971822,0.892920543462375,0.8364555625154888,6.916507140379998e-05,1.0,0.6087245498765208,0.2856987470256498,1.043681570113856e-06,0.9956674913500833,0.004332508649914994,0.0,1.887379141862766e-15
0.01,0.39,0.6,0.15,2.0,0.2,2,1.0205102551275638,0.4502251125562782,1.6208104052026013,9.154577288644322,7.5337668834417215,9.14017925992735,0.014398028716971822,0.9136369268687673,0.8761870352169994,1.71926635874304e-05,1.0,0.6087245498765209,0.3127055218095498,2.2275978817041145e-07,0.9956674913500846,0.004332508649915053,0.0,1.3322676295501878e-15
0.01,0.39,0.6,0.15,2.0,0.2,4,1.7708854427213607,1.3056528264132066,2.266133066533267,9.154577288644322,6.888444222111056,9.14017925992735,0.014398028716971822,0.9394683639864025,0.9090462950535232,3.162072741412022e-05,1.0,0.6087245498765209,0.35507361006740357,3.9142176869849445e-07,0.9956674913500867,0.004332508649915075,0.0,2.220446049250313e-15
0.01,0.39,0.6,0.15,2.0,0.3,1,0.9604802401200601,0.060030015007503754,1.5457728864432216,9.154577288644322,7.608804402201101,9.14017925992735,0.014398028716971822,0.8775797985175922,0.8315862677394082,0.0002997861294987237,1.0,0.6087245498765209,0.3035016069239825,4.935621784719146e-06,0.9956674913500836,0.004332508649915028,0.0,1.5543122344752192e-15
0.01,0.39,0.6,0.15,2.0,0.3,2,1.680840420210105,0.750375187593797,2.161080540270135,9.154577288644322,6.993496748374188,9.14017925992735,0.014398028716971822,0.9004709281568448,0.8804621553432169,0.0001240213032389253,1.0,0.6087245498765209,0.3502783768887998,1.7013673831777768e-06,0.9956674913500857,0.004332508649915027,0.0,1.7763568394002505e-15
0.01,0.39,0.6,0.15,2.0,0.3,4,2.911455727863932,2.1010505252626315,3.2866433216608306,9.154577288644322,5.867933966983491,9.14017925992735,0.014398028716971822,0.936002269336913,0.9267276998517336,0.00034366839763830503,1.0,0.6087245498765208,0.42224634063079675,4.297308766260452e-06,0.9956674913500828,0.0043325086499149835,0.0,3.3306690738754696e-15
0.01,0.39,0.6,0.15,2.0,0.5,1,1.935967983991996,0.16508254127063532,1.950975487743872,9.154577288644322,7.203601800900451,9.14017925992735,0.014398028716971822,0.8539550681742499,0.8233719714760072,0.0025868568234696738,1.0,0.6087245498765209,0.3369177902041649,4.979506613432205e-05,0.9956674913500848,0.004332508649915027,3.190597038878085e-17,4.440892098500626e-16
0.01,0.39,0.6,0.15,2.0,0.5,2,3.1965982991495747,1.3656828414207105,3.2116058029014507,9.154577288644322,5.942971485742872,9.14017925992735,0.014398028716971822,0.8791473976888488,0.8761435411117855,0.005184735613576499,1.0,0.6087245498765208,0.42022574270551794,8.416818761514447e-05,0.9956674913500859,0.004332508649914967,0.0,8.881784197001252e-16
0.01,0.39,0.6,0.15,2.0,0.5,4,5.642821410705353,3.856928464232116,5.6578289144572285,9.19959979989995,3.5417708854427215,9.14017925992735,0.05942053997259933,0.9324575518703553,0.9305695667832647,0.08653501853363926,1.0,0.6087245498765208,0.5406897452353696,0.0012720517572084517,0.9956674913500845,0.004332508649914941,0.0,8.881784197001252e-16
0.01,0.39,0.6,0.15,3.0,0.05,1,0.0750375187593797,0.0,0.6303151575787894,9.154577288644322,8.524262131065534,9.14017925992735,0.014398028716971822,0.948678093030063,0.8751261574627123,9.498927784934647e-10,1.0,0.6087245498765209,0.2275847923085,8.25355219060903e-12,0.9956674913500845,0.0043325086499150876,0.0,1.2212453270876722e-15
0.01,0.39,0.6,0.15,3.0,0.05,2,0.10505252626313157,0.0,0.6153076538269134,9.154577288644322,8.539269634817408,9.14017925992735,0.014398028716971822,0.9572848284189321,0.8817776671650416,2.2480056562794677e-10,1.0,0.6087245498765209,0.22315449194259462,1.8562999581947968e-12,0.9956674913500833,0.004332508649915082,0.0,1.9984014443252818e-15
0.01,0.39,0.6,0.15,3.0,0.05,4,0.24012006003001501,0.1500750375187594,0.720360180090045,9.154577288644322,8.434217108554277,9.14017925992735,0.014398028716971822,0.9635832781608318,0.8885227687781666,2.899703157471206e-10,1.0,0.6087245498765209,0.23252971933622496,2.387116734212919e-12,0.9956674913500839,0.0043325086499151335,0.0,1.1102230246251565e-15
0.01,0.39,0.6,0.15,3.0,0.1,1,0.16508254127063532,0.0,0.735367683841921,9.154577288644322,8.4192096048024,9.14017925992735,0.014398028716971822,0.9383637120556645,0.8740266380340973,4.915383596018407e-09,1.0,0.6087245498765209,0.24188161745918868,4.495442251157394e-11,0.9956674913500836,0.00433250864991503,0.0,1.5543122344752192e-15
0.01,0.39,0.6,0.15,3.0,0.1,2,0.33016508254127064,0.09004502251125562,0.8104052026013007,9.154577288644322,8.344172086043022,9.14017925992735,0.014398028716971822,0.9497800581982417,0.8900287604103725,5.837913502371731e-10,1.0,0.6087245498765209,0.24189716122181054,4.8650603950751865e-12,0.9956674913500845,0.004332508649915032,0.0,1.6653345369377348e-15
0.01,0.39,0.6,0.15,3.0,0.1,4,0.6753376688344173,0.48024012006003003,1.0955477738869435,9.154577288644322,8.059029514757379,9.14017925992735,0.014398028716971822,0.9608328737691548,0.9055675746925277,1.0240308440018198e-09,1.0,0.6087245498765209,0.26482255274944966,8.43130639108251e-12,0.995667491350083,0.004332508649915112,0.0,2.4424906541753444e-15
0.01,0.39,0.6,0.15,3.0,0.2,1,0.42021010505252626,0.0,0.9454727363681841,9.154577288644322,8.209104552276138,9.14017925992735,0.014398028716971822,0.9224444642501842,0.8671185785866676,7.48655426282951e-08,1.0,0.6087245498765209,0.2565440350978845,7.530812612230618e-10,0.9956674913500855,0.004332508649915083,0.0,1.5543122344752192e-15
0.01,0.39,0.6,0.15,3.0,0.2,2,0.8104052026013007,0.33016508254127064,1.2606303151575788,9.154577288644322,7.893946973486743,9.14017925992735,0.014398028716971822,0.9366727310992421,0.898721494589061,6.885042034458161e-09,1.0,0.6087245498765209,0.2751151760134773,5.94704874356717e-11,0.9956674913500846,0.004332508649915108,0.0,1.1102230246251565e-15
0.01,0.39,0.6,0.15,3.0,0.2,4,1.5757878939469736,1.1555777888944472,1.9209604802401201,9.154577288644322,7.233616808404202,9.14017925992735,0.014398028716971822,0.9561864098129034,0.9301077545656186,1.6559653288618843e-08,1.0,0.6087245498765209,0.3319888381935584,1.3665306358164115e-10,0.9956674913500828,0.00433250864991506,0.0,2.220446049250313e-15
0.01,0.39,0.6,0.15,3.0,0.3,1,0.7053526763381691,0.015007503751875938,1.1255627813906954,9.154577288644322,8.029014507253628,9.14017925992735,0.014398028716971822,0.9095791430102332,0.8626322740322748,6.528196351190044e-07,1.0,0.6087245498765209,0.2746286235105833,7.163116249909563e-09,0.9956674913500846,0.004332508649915053,0.0,1.1102230246251565e-15
0.01,0.39,0.6,0.15,3.0,0.3,2,1.3506753376688345,0.5702851425712857,1.710855427713857,9.154577288644322,7.443721860930466,9.14017925992735,0.014398028716971822,0.9246595563676026,0.9029394583037263,1.1098963301286325e-07,1.0,0.6087245498765209,0.3150955535438967,1.0149369256334484e-09,0.9956674913500865,0.004332508649915024,0.0,2.4424906541753444e-15
0.01,0.39,0.6,0.15,3.0,0.3,4,2.5812906453226616,1.8609304652326164,2.8514257128564284,9.154577288644322,6.3031515757878935,9.14017925992735,0.014398028716971822,0.952073243376154,0.9426192383174432,4.1365139680452305e-07,1.0,0.6087245498765209,0.389029788579704,3.447077422512727e-09,0.9956674913500849,0.004332508649915019,0.0,1.2212453270876722e-15
0.01,0.39,0.6,0.15,3.0,0.5,1,1.44072036018009,0.0750375187593797,1.455727863931966,9.154577288644322,7.698849424712357,9.14017925992735,0.014398028716971822,0.8887844643068195,0.8522640682839329,1.6440707865155606e-05,1.0,0.6087245498765209,0.2993723222388138,2.1043611993050325e-07,0.995667491350084,0.004332508649915038,0.0,1.5543122344752192e-15
0.01,0.39,0.6,0.15,3.0,0.5,2,2.596298149074537,1.0805402701350675,2.611305652826413,9.154577288644322,6.543271635817909,9.14017925992735,0.014398028716971822,0.9034390713061787,0.897740461796792,2.506046586201412e-05,1.0,0.6087245498765208,0.3788991093582916,2.698119282876564e-07,0.9956674913500844,0.004332508649914995,0.0,1.4432899320127035e-15
0.01,0.39,0.6,0.15,3.0,0.5,4,4.9524762381190595,3.406703351675838,4.9524762381190595,9.154577288644322,4.202101050525263,9.14017925992735,0.014398028716971822,0.9454625170508906,0.9445178311829483,0.000978134183813941,1.0,0.6087245498765208,0.5137142238180784,8.823774606526313e-06,0.9956674913500856,0.004332508649914958,0.0,1.1102230246251565e-15
